{"cameraMode":{"drawMode":0,"name":"Shaded","section":"Shading Mode"},"sceneLighting":false,"audioPlay":false,"sceneViewState":{"m_AlwaysRefresh":false,"showFog":true,"showSkybox":false,"showFlares":true,"showImageEffects":true,"showParticleSystems":true,"showVisualEffectGraphs":true,"m_FxEnabled":true},"in2DMode":false,"pivot":{"x":-2.8912034034729006,"y":8.12351131439209,"z":2.8918380737304689},"rotation":{"x":-0.09458036720752716,"y":-0.04299783334136009,"z":0.004084005486220121,"w":-0.9945886731147766},"size":12.689756393432618,"orthographic":false}