{"cameraMode":{"drawMode":0,"name":"Shaded","section":"Shading Mode"},"sceneLighting":false,"audioPlay":false,"sceneViewState":{"m_AlwaysRefresh":false,"showFog":true,"showSkybox":false,"showFlares":true,"showImageEffects":true,"showParticleSystems":true,"showVisualEffectGraphs":true,"m_FxEnabled":true},"in2DMode":false,"pivot":{"x":-1.300256609916687,"y":3.003002643585205,"z":0.23186874389648438},"rotation":{"x":-0.023678306490182878,"y":-0.029376262798905374,"z":-0.0006917663267813623,"w":0.9992972612380981},"size":19.310800552368165,"orthographic":false}